{
    "description": "Dragon Sniper",
    "supported_items": "#minecraft:enchantable/bow",
    "weight": 5,
    "max_level": 5,
    "min_cost": {
        "base": 30,
        "per_level_above_first": 10
    },
    "max_cost": {
        "base": 30,
        "per_level_above_first": 10
    },
    "anvil_cost": 5,
    "slots": [
        "mainhand"
    ],
    "effects": {
        "minecraft:damage": [
            {
                "effect": {
                    "type": "minecraft:add",
                    "value": {
                        "type": "minecraft:linear",
                        "base": 10,
                        "per_level_above_first": 10
                    }
                },
                "requirements": [
                    {
                        "condition": "minecraft:entity_properties",
                        "entity": "this",
                        "predicate": {
                            "type": "minecraft:ender_dragon"
                        }
                    },
                    {
                        "condition": "minecraft:entity_properties",
                        "entity": "direct_attacker",
                        "predicate": {
                            "type": "#minecraft:arrows"
                        }
                    }
                ]
            }
        ]
    }
}
