{
    "description": "Life Steal",
    "supported_items": "#minecraft:enchantable/sword",
    "weight": 1,
    "max_level": 3,
    "min_cost": {
        "base": 30,
        "per_level_above_first": 0
    },
    "max_cost": {
        "base": 30,
        "per_level_above_first": 0
    },
    "anvil_cost": 10,
    "slots": [
        "mainhand"
    ],
    "effects": {
        "minecraft:post_attack": [
            {
                "enchanted": "attacker",
                "affected": "attacker",
                "effect": {
                    "type": "minecraft:apply_mob_effect",
                    "to_apply": "minecraft:regeneration",
                    "min_duration": {
                        "type": "minecraft:linear",
                        "base": 0.05,
                        "per_level_above_first": 0.05
                    },
                    "max_duration": {
                        "type": "minecraft:linear",
                        "base": 0.05,
                        "per_level_above_first": 0.05
                    },
                    "min_amplifier": 5,
                    "max_amplifier": 5
                }
            }
        ]
    }
}
