{
    "description": "Vitality Drain",
    "supported_items": "#minecraft:enchantable/bow",
    "weight": 1,
    "max_level": 1,
    "min_cost": {
        "base": 30,
        "per_level_above_first": 0
    },
    "max_cost": {
        "base": 30,
        "per_level_above_first": 0
    },
    "anvil_cost": 14,
    "slots": [
        "mainhand"
    ],
    "effects": {
        "minecraft:post_attack": [
            {
                "enchanted": "attacker",
                "affected": "attacker",
                "effect": {
                    "type": "minecraft:apply_mob_effect",
                    "to_apply": "minecraft:regeneration",
                    "min_duration": 0.1,
                    "max_duration": 0.1,
                    "min_amplifier": 255,
                    "max_amplifier": 255
                },
                "requirements": {
                    "condition": "minecraft:entity_properties",
                    "entity": "direct_attacker",
                    "predicate": {
                        "type": "#minecraft:arrows"
                    }
                }
            }
        ]
    }
}
